{
    "mtx": [
        [
            2291.404282696059,
            0.0,
            923.7676927758138
        ],
        [
            0.0,
            2255.820536627663,
            703.3572562260682
        ],
        [
            0.0,
            0.0,
            1.0
        ]
    ],
    "dist": [
        [
            -1.0936579005076374
        ],
        [
            1.4607261823416098
        ],
        [
            -0.029631753643557433
        ],
        [
            -0.0008015190630830927
        ],
        [
            -1.3124065134177931
        ]
    ]
}