{
    "mtx": [
        [
            1219.5634450970676,
            0.0,
            975.211471895277
        ],
        [
            0.0,
            1221.6729336589474,
            632.9820092081743
        ],
        [
            0.0,
            0.0,
            1.0
        ]
    ],
    "dist": [
        [
            -0.022984739216200294
        ],
        [
            -0.03824494442350723
        ],
        [
            0.033839318770388725
        ],
        [
            -0.04800974698740273
        ]
    ]
}