{
    "mtx": [
        [
            1203.594904770406,
            0.0,
            993.3204418357672
        ],
        [
            0.0,
            1209.2380977098017,
            613.9290996882532
        ],
        [
            0.0,
            0.0,
            1.0
        ]
    ],
    "dist": [
        [
            -4.257440286702156
        ],
        [
            7.01693846940985
        ],
        [
            -0.0005731909016893751
        ],
        [
            -0.0005208710290453112
        ],
        [
            0.8611939496082286
        ],
        [
            -3.932745950482465
        ],
        [
            5.598569615167786
        ],
        [
            3.2909938585383616
        ],
        [
            0.0
        ],
        [
            0.0
        ],
        [
            0.0
        ],
        [
            0.0
        ],
        [
            0.0
        ],
        [
            0.0
        ]
    ]
}