{
    "mtx": [
        [
            1352.4139197422019,
            0.0,
            1023.0341388732851
        ],
        [
            0.0,
            1354.4478581752091,
            605.4190532833484
        ],
        [
            0.0,
            0.0,
            1.0
        ]
    ],
    "dist": [
        [
            -0.17640430599413714
        ],
        [
            0.17514057900964292
        ],
        [
            -0.0015264451882026052
        ],
        [
            -0.004932788227061054
        ],
        [
            0.391993394874792
        ],
        [
            0.24971142568850502
        ],
        [
            -0.06749283045727549
        ],
        [
            0.7100673864702444
        ],
        [
            0.0
        ],
        [
            0.0
        ],
        [
            0.0
        ],
        [
            0.0
        ],
        [
            0.0
        ],
        [
            0.0
        ]
    ]
}