{
    "mtx": [
        [
            1314.0807703204173,
            0.0,
            1013.4372783390329
        ],
        [
            0.0,
            1316.783176440286,
            606.2599191821879
        ],
        [
            0.0,
            0.0,
            1.0
        ]
    ],
    "dist": [
        [
            -0.3706612342234485
        ],
        [
            0.15085990359630536
        ],
        [
            -0.0016561675838136164
        ],
        [
            -0.0035216035702807904
        ],
        [
            -0.036896841629565
        ]
    ]
}