{
    "mtx": [
        [
            1203.594657878898,
            0.0,
            993.3203358191886
        ],
        [
            0.0,
            1209.2378436664098,
            613.9291126569116
        ],
        [
            0.0,
            0.0,
            1.0
        ]
    ],
    "dist": [
        [
            -4.257461861554953
        ],
        [
            7.017052524078486
        ],
        [
            -0.0005731921469082426
        ],
        [
            -0.0005208613618625925
        ],
        [
            0.861206269796903
        ],
        [
            -3.9327676080661096
        ],
        [
            5.598677189117717
        ],
        [
            3.291042677465034
        ],
        [
            0.0
        ],
        [
            0.0
        ],
        [
            0.0
        ],
        [
            0.0
        ],
        [
            0.0
        ],
        [
            0.0
        ]
    ],
    "newcam_mtx": [
        [
            786.9963001121129,
            0.0,
            1015.1705386776955
        ],
        [
            0.0,
            775.9098119196376,
            615.0279321817559
        ],
        [
            0.0,
            0.0,
            1.0
        ]
    ]
}