{
    "mtx": [
        [
            1352.0833329023599,
            0.0,
            1023.0834946012353
        ],
        [
            0.0,
            1354.1791684423347,
            605.3385610832898
        ],
        [
            0.0,
            0.0,
            1.0
        ]
    ],
    "dist": [
        [
            -0.17644852520494264
        ],
        [
            0.17323737956504254
        ],
        [
            -0.0015193957077123956
        ],
        [
            -0.004966968831982853
        ],
        [
            0.3893996430616078
        ],
        [
            0.24931039487775614
        ],
        [
            -0.06835317878160548
        ],
        [
            0.7051065836539178
        ],
        [
            0.0
        ],
        [
            0.0
        ],
        [
            0.0
        ],
        [
            0.0
        ],
        [
            0.0
        ],
        [
            0.0
        ]
    ],
    "newcam_mtx": [
        [
            915.5034389802526,
            0.0,
            1012.8195133342308
        ],
        [
            0.0,
            918.8207455068065,
            600.2868434753493
        ],
        [
            0.0,
            0.0,
            1.0
        ]
    ]
}