{
    "mtx": [
        [
            1352.0811519537765,
            0.0,
            1023.082623223496
        ],
        [
            0.0,
            1354.1770104685497,
            605.338513620845
        ],
        [
            0.0,
            0.0,
            1.0
        ]
    ],
    "dist": [
        [
            -0.1764486536452536
        ],
        [
            0.17323628817349762
        ],
        [
            -0.0015194053211272567
        ],
        [
            -0.004966846176464499
        ],
        [
            0.3894019341547897
        ],
        [
            0.2493094363158815
        ],
        [
            -0.06835519002154687
        ],
        [
            0.7051095876695987
        ],
        [
            0.0
        ],
        [
            0.0
        ],
        [
            0.0
        ],
        [
            0.0
        ],
        [
            0.0
        ],
        [
            0.0
        ]
    ],
    "newcam_mtx": [
        [
            915.5022726624462,
            0.0,
            1012.8190189734679
        ],
        [
            0.0,
            918.8196778546532,
            600.2866534344394
        ],
        [
            0.0,
            0.0,
            1.0
        ]
    ]
}