{
    "mtx": [
        [
            1206.429768776279,
            0.0,
            996.8520356988627
        ],
        [
            0.0,
            1212.473261941455,
            614.1902257794776
        ],
        [
            0.0,
            0.0,
            1.0
        ]
    ],
    "dist": [
        [
            -0.31698078019211456
        ],
        [
            0.12037885153828456
        ],
        [
            -0.000610205848580626
        ],
        [
            -0.0009390116496331045
        ],
        [
            -0.028093920048406183
        ]
    ]
}