{
    "mtx": [
        [
            1203.5946474395705,
            0.0,
            993.3201604883253
        ],
        [
            0.0,
            1209.2378362275863,
            613.9291091707668
        ],
        [
            0.0,
            0.0,
            1.0
        ]
    ],
    "dist": [
        [
            -4.257321942349153
        ],
        [
            7.016421094003105
        ],
        [
            -0.0005731887155075452
        ],
        [
            -0.0005208253627849415
        ],
        [
            0.8611379616476503
        ],
        [
            -3.932627698478458
        ],
        [
            5.5980903398598025
        ],
        [
            3.2907675738002076
        ],
        [
            0.0
        ],
        [
            0.0
        ],
        [
            0.0
        ],
        [
            0.0
        ],
        [
            0.0
        ],
        [
            0.0
        ]
    ],
    "newcam_mtx": [
        [
            786.996575752461,
            0.0,
            1015.1705393685057
        ],
        [
            0.0,
            775.910026979755,
            615.0279413975372
        ],
        [
            0.0,
            0.0,
            1.0
        ]
    ]
}