{
    "R": [
        [
            -0.007780196900236232,
            -0.029077562038051154,
            0.9995468793018749
        ],
        [
            -0.02344909364542995,
            0.9993075697174508,
            0.02888807907441748
        ],
        [
            -0.9996947576852653,
            -0.023213713432478373,
            -0.008456652131509375
        ]
    ],
    "T": [
        [
            -24.569481307418364
        ],
        [
            0.17787829051062748
        ],
        [
            25.331334625613604
        ]
    ],
    "745_projection_mtx": [
        [
            787.9563995525377,
            0.0,
            1396.0836601257324,
            0.0
        ],
        [
            0.0,
            787.9563995525377,
            424.9082374572754,
            0.0
        ],
        [
            0.0,
            0.0,
            1.0,
            0.0
        ]
    ],
    "746_projection_mtx": [
        [
            787.9563995525377,
            0.0,
            1396.0836601257324,
            -27806.79675725549
        ],
        [
            0.0,
            787.9563995525377,
            424.9082374572754,
            0.0
        ],
        [
            0.0,
            0.0,
            1.0,
            0.0
        ]
    ]
}