{
    "mtx": [
        [
            916.5018728948053,
            0.0,
            574.4019632426157
        ],
        [
            0.0,
            918.6397973262855,
            382.7575760701286
        ],
        [
            0.0,
            0.0,
            1.0
        ]
    ],
    "dist": [
        [
            -0.4903270752793804
        ],
        [
            0.24990867847087672
        ],
        [
            0.0025522440129228633
        ],
        [
            0.010591608886673983
        ],
        [
            -0.07368041871047772
        ]
    ]
}